Domain Code,Domain,Area Code (M49),Area,Element Code,Element,Item Code,Item,Year Code,Year,Unit,Value,Flag,Flag Description,Note
"OA","Annual population","004","Afghanistan","511","Total Population - Both sexes","3010","Population - Est. & Proj.","2020","2020","1000 persons","38972.23","X","Figure from international organizations",""
"OA","Annual population","008","Albania","511","Total Population - Both sexes","3010","Population - Est. & Proj.","2020","2020","1000 persons","2866.849","X","Figure from international organizations",""
"OA","Annual population","012","Algeria","511","Total Population - Both sexes","3010","Population - Est. & Proj.","2020","2020","1000 persons","43451.666","X","Figure from international organizations",""
"OA","Annual population","016","American Samoa","511","Total Population - Both sexes","3010","Population - Est. & Proj.","2020","2020","1000 persons","46.189","X","Figure from international organizations",""
"OA","Annual population","020","Andorra","511","Total Population - Both sexes","3010","Population - Est. & Proj.","2020","2020","1000 persons","77.7","X","Figure from international organizations",""
"OA","Annual population","024","Angola","511","Total Population - Both sexes","3010","Population - Est. & Proj.","2020","2020","1000 persons","33428.486","X","Figure from international organizations",""
"OA","Annual population","660","Anguilla","511","Total Population - Both sexes","3010","Population - Est. & Proj.","2020","2020","1000 persons","15.585","X","Figure from international organizations",""
"OA","Annual population","028","Antigua and Barbuda","511","Total Population - Both sexes","3010","Population - Est. & Proj.","2020","2020","1000 persons","92.664","X","Figure from international organizations",""
"OA","Annual population","032","Argentina","511","Total Population - Both sexes","3010","Population - Est. & Proj.","2020","2020","1000 persons","45036.032","X","Figure from international organizations",""
"OA","Annual population","051","Armenia","511","Total Population - Both sexes","3010","Population - Est. & Proj.","2020","2020","1000 persons","2805.608","X","Figure from international organizations",""
"OA","Annual population","533","Aruba","511","Total Population - Both sexes","3010","Population - Est. & Proj.","2020","2020","1000 persons","106.585","X","Figure from international organizations",""
"OA","Annual population","036","Australia","511","Total Population - Both sexes","3010","Population - Est. & Proj.","2020","2020","1000 persons","25670.051","X","Figure from international organizations",""
"OA","Annual population","040","Austria","511","Total Population - Both sexes","3010","Population - Est. & Proj.","2020","2020","1000 persons","8907.777","X","Figure from international organizations",""
"OA","Annual population","031","Azerbaijan","511","Total Population - Both sexes","3010","Population - Est. & Proj.","2020","2020","1000 persons","10284.951","X","Figure from international organizations",""
"OA","Annual population","044","Bahamas","511","Total Population - Both sexes","3010","Population - Est. & Proj.","2020","2020","1000 persons","406.471","X","Figure from international organizations",""
"OA","Annual population","048","Bahrain","511","Total Population - Both sexes","3010","Population - Est. & Proj.","2020","2020","1000 persons","1477.469","X","Figure from international organizations",""
"OA","Annual population","050","Bangladesh","511","Total Population - Both sexes","3010","Population - Est. & Proj.","2020","2020","1000 persons","167420.951","X","Figure from international organizations",""
"OA","Annual population","052","Barbados","511","Total Population - Both sexes","3010","Population - Est. & Proj.","2020","2020","1000 persons","280.693","X","Figure from international organizations",""
"OA","Annual population","112","Belarus","511","Total Population - Both sexes","3010","Population - Est. & Proj.","2020","2020","1000 persons","9633.74","X","Figure from international organizations",""
"OA","Annual population","056","Belgium","511","Total Population - Both sexes","3010","Population - Est. & Proj.","2020","2020","1000 persons","11561.717","X","Figure from international organizations",""
"OA","Annual population","084","Belize","511","Total Population - Both sexes","3010","Population - Est. & Proj.","2020","2020","1000 persons","394.921","X","Figure from international organizations",""
"OA","Annual population","204","Benin","511","Total Population - Both sexes","3010","Population - Est. & Proj.","2020","2020","1000 persons","12643.123","X","Figure from international organizations",""
"OA","Annual population","060","Bermuda","511","Total Population - Both sexes","3010","Population - Est. & Proj.","2020","2020","1000 persons","64.031","X","Figure from international organizations",""
"OA","Annual population","064","Bhutan","511","Total Population - Both sexes","3010","Population - Est. & Proj.","2020","2020","1000 persons","772.506","X","Figure from international organizations",""
"OA","Annual population","068","Bolivia (Plurinational State of)","511","Total Population - Both sexes","3010","Population - Est. & Proj.","2020","2020","1000 persons","11936.162","X","Figure from international organizations",""
"OA","Annual population","535","Bonaire, Sint Eustatius and Saba","511","Total Population - Both sexes","3010","Population - Est. & Proj.","2020","2020","1000 persons","26.153","X","Figure from international organizations",""
"OA","Annual population","070","Bosnia and Herzegovina","511","Total Population - Both sexes","3010","Population - Est. & Proj.","2020","2020","1000 persons","3318.407","X","Figure from international organizations",""
"OA","Annual population","072","Botswana","511","Total Population - Both sexes","3010","Population - Est. & Proj.","2020","2020","1000 persons","2546.402","X","Figure from international organizations",""
"OA","Annual population","076","Brazil","511","Total Population - Both sexes","3010","Population - Est. & Proj.","2020","2020","1000 persons","213196.304","X","Figure from international organizations",""
"OA","Annual population","092","British Virgin Islands","511","Total Population - Both sexes","3010","Population - Est. & Proj.","2020","2020","1000 persons","30.91","X","Figure from international organizations",""
"OA","Annual population","096","Brunei Darussalam","511","Total Population - Both sexes","3010","Population - Est. & Proj.","2020","2020","1000 persons","441.725","X","Figure from international organizations",""
"OA","Annual population","100","Bulgaria","511","Total Population - Both sexes","3010","Population - Est. & Proj.","2020","2020","1000 persons","6979.175","X","Figure from international organizations",""
"OA","Annual population","854","Burkina Faso","511","Total Population - Both sexes","3010","Population - Est. & Proj.","2020","2020","1000 persons","21522.626","X","Figure from international organizations",""
"OA","Annual population","108","Burundi","511","Total Population - Both sexes","3010","Population - Est. & Proj.","2020","2020","1000 persons","12220.227","X","Figure from international organizations",""
"OA","Annual population","132","Cabo Verde","511","Total Population - Both sexes","3010","Population - Est. & Proj.","2020","2020","1000 persons","582.64","X","Figure from international organizations",""
"OA","Annual population","116","Cambodia","511","Total Population - Both sexes","3010","Population - Est. & Proj.","2020","2020","1000 persons","16396.86","X","Figure from international organizations",""
"OA","Annual population","120","Cameroon","511","Total Population - Both sexes","3010","Population - Est. & Proj.","2020","2020","1000 persons","26491.087","X","Figure from international organizations",""
"OA","Annual population","124","Canada","511","Total Population - Both sexes","3010","Population - Est. & Proj.","2020","2020","1000 persons","37888.705","X","Figure from international organizations",""
"OA","Annual population","136","Cayman Islands","511","Total Population - Both sexes","3010","Population - Est. & Proj.","2020","2020","1000 persons","67.311","X","Figure from international organizations",""
"OA","Annual population","140","Central African Republic","511","Total Population - Both sexes","3010","Population - Est. & Proj.","2020","2020","1000 persons","5343.02","X","Figure from international organizations",""
"OA","Annual population","148","Chad","511","Total Population - Both sexes","3010","Population - Est. & Proj.","2020","2020","1000 persons","16644.701","X","Figure from international organizations",""
"OA","Annual population","152","Chile","511","Total Population - Both sexes","3010","Population - Est. & Proj.","2020","2020","1000 persons","19300.315","X","Figure from international organizations",""
"OA","Annual population","159","China","511","Total Population - Both sexes","3010","Population - Est. & Proj.","2020","2020","1000 persons","1456928.486","X","Figure from international organizations",""
"OA","Annual population","344","China, Hong Kong SAR","511","Total Population - Both sexes","3010","Population - Est. & Proj.","2020","2020","1000 persons","7500.958","X","Figure from international organizations",""
"OA","Annual population","446","China, Macao SAR","511","Total Population - Both sexes","3010","Population - Est. & Proj.","2020","2020","1000 persons","676.283","X","Figure from international organizations",""
"OA","Annual population","156","China, mainland","511","Total Population - Both sexes","3010","Population - Est. & Proj.","2020","2020","1000 persons","1424929.781","X","Figure from international organizations",""
"OA","Annual population","158","China, Taiwan Province of","511","Total Population - Both sexes","3010","Population - Est. & Proj.","2020","2020","1000 persons","23821.464","X","Figure from international organizations",""
"OA","Annual population","170","Colombia","511","Total Population - Both sexes","3010","Population - Est. & Proj.","2020","2020","1000 persons","50930.662","X","Figure from international organizations",""
"OA","Annual population","174","Comoros","511","Total Population - Both sexes","3010","Population - Est. & Proj.","2020","2020","1000 persons","806.166","X","Figure from international organizations",""
"OA","Annual population","178","Congo","511","Total Population - Both sexes","3010","Population - Est. & Proj.","2020","2020","1000 persons","5702.174","X","Figure from international organizations",""
"OA","Annual population","184","Cook Islands","511","Total Population - Both sexes","3010","Population - Est. & Proj.","2020","2020","1000 persons","17.029","X","Figure from international organizations",""
"OA","Annual population","188","Costa Rica","511","Total Population - Both sexes","3010","Population - Est. & Proj.","2020","2020","1000 persons","5123.105","X","Figure from international organizations",""
"OA","Annual population","384","Côte d'Ivoire","511","Total Population - Both sexes","3010","Population - Est. & Proj.","2020","2020","1000 persons","26811.79","X","Figure from international organizations",""
"OA","Annual population","191","Croatia","511","Total Population - Both sexes","3010","Population - Est. & Proj.","2020","2020","1000 persons","4096.869","X","Figure from international organizations",""
"OA","Annual population","192","Cuba","511","Total Population - Both sexes","3010","Population - Est. & Proj.","2020","2020","1000 persons","11300.698","X","Figure from international organizations",""
"OA","Annual population","531","Curaçao","511","Total Population - Both sexes","3010","Population - Est. & Proj.","2020","2020","1000 persons","189.288","X","Figure from international organizations",""
"OA","Annual population","196","Cyprus","511","Total Population - Both sexes","3010","Population - Est. & Proj.","2020","2020","1000 persons","1237.537","X","Figure from international organizations",""
"OA","Annual population","203","Czechia","511","Total Population - Both sexes","3010","Population - Est. & Proj.","2020","2020","1000 persons","10530.953","X","Figure from international organizations",""
"OA","Annual population","408","Democratic People's Republic of Korea","511","Total Population - Both sexes","3010","Population - Est. & Proj.","2020","2020","1000 persons","25867.467","X","Figure from international organizations",""
"OA","Annual population","180","Democratic Republic of the Congo","511","Total Population - Both sexes","3010","Population - Est. & Proj.","2020","2020","1000 persons","92853.164","X","Figure from international organizations",""
"OA","Annual population","208","Denmark","511","Total Population - Both sexes","3010","Population - Est. & Proj.","2020","2020","1000 persons","5825.641","X","Figure from international organizations",""
"OA","Annual population","262","Djibouti","511","Total Population - Both sexes","3010","Population - Est. & Proj.","2020","2020","1000 persons","1090.156","X","Figure from international organizations",""
"OA","Annual population","212","Dominica","511","Total Population - Both sexes","3010","Population - Est. & Proj.","2020","2020","1000 persons","71.995","X","Figure from international organizations",""
"OA","Annual population","214","Dominican Republic","511","Total Population - Both sexes","3010","Population - Est. & Proj.","2020","2020","1000 persons","10999.664","X","Figure from international organizations",""
"OA","Annual population","218","Ecuador","511","Total Population - Both sexes","3010","Population - Est. & Proj.","2020","2020","1000 persons","17588.595","X","Figure from international organizations",""
"OA","Annual population","818","Egypt","511","Total Population - Both sexes","3010","Population - Est. & Proj.","2020","2020","1000 persons","107465.134","X","Figure from international organizations",""
"OA","Annual population","222","El Salvador","511","Total Population - Both sexes","3010","Population - Est. & Proj.","2020","2020","1000 persons","6292.731","X","Figure from international organizations",""
"OA","Annual population","226","Equatorial Guinea","511","Total Population - Both sexes","3010","Population - Est. & Proj.","2020","2020","1000 persons","1596.049","X","Figure from international organizations",""
"OA","Annual population","232","Eritrea","511","Total Population - Both sexes","3010","Population - Est. & Proj.","2020","2020","1000 persons","3555.868","X","Figure from international organizations",""
"OA","Annual population","233","Estonia","511","Total Population - Both sexes","3010","Population - Est. & Proj.","2020","2020","1000 persons","1329.444","X","Figure from international organizations",""
"OA","Annual population","748","Eswatini","511","Total Population - Both sexes","3010","Population - Est. & Proj.","2020","2020","1000 persons","1180.655","X","Figure from international organizations",""
"OA","Annual population","231","Ethiopia","511","Total Population - Both sexes","3010","Population - Est. & Proj.","2020","2020","1000 persons","117190.911","X","Figure from international organizations",""
"OA","Annual population","238","Falkland Islands (Malvinas)","511","Total Population - Both sexes","3010","Population - Est. & Proj.","2020","2020","1000 persons","3.747","X","Figure from international organizations",""
"OA","Annual population","234","Faroe Islands","511","Total Population - Both sexes","3010","Population - Est. & Proj.","2020","2020","1000 persons","52.415","X","Figure from international organizations",""
"OA","Annual population","242","Fiji","511","Total Population - Both sexes","3010","Population - Est. & Proj.","2020","2020","1000 persons","920.422","X","Figure from international organizations",""
"OA","Annual population","246","Finland","511","Total Population - Both sexes","3010","Population - Est. & Proj.","2020","2020","1000 persons","5529.468","X","Figure from international organizations",""
"OA","Annual population","250","France","511","Total Population - Both sexes","3010","Population - Est. & Proj.","2020","2020","1000 persons","64480.053","X","Figure from international organizations",""
"OA","Annual population","254","French Guyana","511","Total Population - Both sexes","3010","Population - Est. & Proj.","2020","2020","1000 persons","290.969","X","Figure from international organizations",""
"OA","Annual population","258","French Polynesia","511","Total Population - Both sexes","3010","Population - Est. & Proj.","2020","2020","1000 persons","301.92","X","Figure from international organizations",""
"OA","Annual population","266","Gabon","511","Total Population - Both sexes","3010","Population - Est. & Proj.","2020","2020","1000 persons","2292.573","X","Figure from international organizations",""
"OA","Annual population","270","Gambia","511","Total Population - Both sexes","3010","Population - Est. & Proj.","2020","2020","1000 persons","2573.995","X","Figure from international organizations",""
"OA","Annual population","268","Georgia","511","Total Population - Both sexes","3010","Population - Est. & Proj.","2020","2020","1000 persons","3765.912","X","Figure from international organizations",""
"OA","Annual population","276","Germany","511","Total Population - Both sexes","3010","Population - Est. & Proj.","2020","2020","1000 persons","83328.988","X","Figure from international organizations",""
"OA","Annual population","288","Ghana","511","Total Population - Both sexes","3010","Population - Est. & Proj.","2020","2020","1000 persons","32180.401","X","Figure from international organizations",""
"OA","Annual population","292","Gibraltar","511","Total Population - Both sexes","3010","Population - Est. & Proj.","2020","2020","1000 persons","32.709","X","Figure from international organizations",""
"OA","Annual population","300","Greece","511","Total Population - Both sexes","3010","Population - Est. & Proj.","2020","2020","1000 persons","10512.232","X","Figure from international organizations",""
"OA","Annual population","304","Greenland","511","Total Population - Both sexes","3010","Population - Est. & Proj.","2020","2020","1000 persons","56.026","X","Figure from international organizations",""
"OA","Annual population","308","Grenada","511","Total Population - Both sexes","3010","Population - Est. & Proj.","2020","2020","1000 persons","123.663","X","Figure from international organizations",""
"OA","Annual population","312","Guadeloupe","511","Total Population - Both sexes","3010","Population - Est. & Proj.","2020","2020","1000 persons","395.642","X","Figure from international organizations",""
"OA","Annual population","316","Guam","511","Total Population - Both sexes","3010","Population - Est. & Proj.","2020","2020","1000 persons","169.231","X","Figure from international organizations",""
"OA","Annual population","320","Guatemala","511","Total Population - Both sexes","3010","Population - Est. & Proj.","2020","2020","1000 persons","17362.718","X","Figure from international organizations",""
"OA","Annual population","324","Guinea","511","Total Population - Both sexes","3010","Population - Est. & Proj.","2020","2020","1000 persons","13205.153","X","Figure from international organizations",""
"OA","Annual population","624","Guinea-Bissau","511","Total Population - Both sexes","3010","Population - Est. & Proj.","2020","2020","1000 persons","2015.828","X","Figure from international organizations",""
"OA","Annual population","328","Guyana","511","Total Population - Both sexes","3010","Population - Est. & Proj.","2020","2020","1000 persons","797.202","X","Figure from international organizations",""
"OA","Annual population","332","Haiti","511","Total Population - Both sexes","3010","Population - Est. & Proj.","2020","2020","1000 persons","11306.801","X","Figure from international organizations",""
"OA","Annual population","336","Holy See","511","Total Population - Both sexes","3010","Population - Est. & Proj.","2020","2020","1000 persons","0.52","X","Figure from international organizations",""
"OA","Annual population","340","Honduras","511","Total Population - Both sexes","3010","Population - Est. & Proj.","2020","2020","1000 persons","10121.763","X","Figure from international organizations",""
"OA","Annual population","348","Hungary","511","Total Population - Both sexes","3010","Population - Est. & Proj.","2020","2020","1000 persons","9750.573","X","Figure from international organizations",""
"OA","Annual population","352","Iceland","511","Total Population - Both sexes","3010","Population - Est. & Proj.","2020","2020","1000 persons","366.669","X","Figure from international organizations",""
"OA","Annual population","356","India","511","Total Population - Both sexes","3010","Population - Est. & Proj.","2020","2020","1000 persons","1396387.127","X","Figure from international organizations",""
"OA","Annual population","360","Indonesia","511","Total Population - Both sexes","3010","Population - Est. & Proj.","2020","2020","1000 persons","271857.97","X","Figure from international organizations",""
"OA","Annual population","364","Iran (Islamic Republic of)","511","Total Population - Both sexes","3010","Population - Est. & Proj.","2020","2020","1000 persons","87290.193","X","Figure from international organizations",""
"OA","Annual population","368","Iraq","511","Total Population - Both sexes","3010","Population - Est. & Proj.","2020","2020","1000 persons","42556.984","X","Figure from international organizations",""
"OA","Annual population","372","Ireland","511","Total Population - Both sexes","3010","Population - Est. & Proj.","2020","2020","1000 persons","4946.119","X","Figure from international organizations",""
"OA","Annual population","833","Isle of Man","511","Total Population - Both sexes","3010","Population - Est. & Proj.","2020","2020","1000 persons","84.046","X","Figure from international organizations",""
"OA","Annual population","376","Israel","511","Total Population - Both sexes","3010","Population - Est. & Proj.","2020","2020","1000 persons","8757.489","X","Figure from international organizations",""
"OA","Annual population","380","Italy","511","Total Population - Both sexes","3010","Population - Est. & Proj.","2020","2020","1000 persons","59500.579","X","Figure from international organizations",""
"OA","Annual population","388","Jamaica","511","Total Population - Both sexes","3010","Population - Est. & Proj.","2020","2020","1000 persons","2820.436","X","Figure from international organizations",""
"OA","Annual population","392","Japan","511","Total Population - Both sexes","3010","Population - Est. & Proj.","2020","2020","1000 persons","125244.761","X","Figure from international organizations",""
"OA","Annual population","400","Jordan","511","Total Population - Both sexes","3010","Population - Est. & Proj.","2020","2020","1000 persons","10928.721","X","Figure from international organizations",""
"OA","Annual population","398","Kazakhstan","511","Total Population - Both sexes","3010","Population - Est. & Proj.","2020","2020","1000 persons","18979.243","X","Figure from international organizations",""
"OA","Annual population","404","Kenya","511","Total Population - Both sexes","3010","Population - Est. & Proj.","2020","2020","1000 persons","51985.78","X","Figure from international organizations",""
"OA","Annual population","296","Kiribati","511","Total Population - Both sexes","3010","Population - Est. & Proj.","2020","2020","1000 persons","126.463","X","Figure from international organizations",""
"OA","Annual population","414","Kuwait","511","Total Population - Both sexes","3010","Population - Est. & Proj.","2020","2020","1000 persons","4360.444","X","Figure from international organizations",""
"OA","Annual population","417","Kyrgyzstan","511","Total Population - Both sexes","3010","Population - Est. & Proj.","2020","2020","1000 persons","6424.874","X","Figure from international organizations",""
"OA","Annual population","418","Lao People's Democratic Republic","511","Total Population - Both sexes","3010","Population - Est. & Proj.","2020","2020","1000 persons","7319.399","X","Figure from international organizations",""
"OA","Annual population","428","Latvia","511","Total Population - Both sexes","3010","Population - Est. & Proj.","2020","2020","1000 persons","1897.052","X","Figure from international organizations",""
"OA","Annual population","422","Lebanon","511","Total Population - Both sexes","3010","Population - Est. & Proj.","2020","2020","1000 persons","5662.923","X","Figure from international organizations",""
"OA","Annual population","426","Lesotho","511","Total Population - Both sexes","3010","Population - Est. & Proj.","2020","2020","1000 persons","2254.1","X","Figure from international organizations",""
"OA","Annual population","430","Liberia","511","Total Population - Both sexes","3010","Population - Est. & Proj.","2020","2020","1000 persons","5087.584","X","Figure from international organizations",""
"OA","Annual population","434","Libya","511","Total Population - Both sexes","3010","Population - Est. & Proj.","2020","2020","1000 persons","6653.942","X","Figure from international organizations",""
"OA","Annual population","438","Liechtenstein","511","Total Population - Both sexes","3010","Population - Est. & Proj.","2020","2020","1000 persons","38.756","X","Figure from international organizations",""
"OA","Annual population","440","Lithuania","511","Total Population - Both sexes","3010","Population - Est. & Proj.","2020","2020","1000 persons","2820.267","X","Figure from international organizations",""
"OA","Annual population","442","Luxembourg","511","Total Population - Both sexes","3010","Population - Est. & Proj.","2020","2020","1000 persons","630.399","X","Figure from international organizations",""
"OA","Annual population","450","Madagascar","511","Total Population - Both sexes","3010","Population - Est. & Proj.","2020","2020","1000 persons","28225.177","X","Figure from international organizations",""
"OA","Annual population","454","Malawi","511","Total Population - Both sexes","3010","Population - Est. & Proj.","2020","2020","1000 persons","19377.061","X","Figure from international organizations",""
"OA","Annual population","458","Malaysia","511","Total Population - Both sexes","3010","Population - Est. & Proj.","2020","2020","1000 persons","33199.993","X","Figure from international organizations",""
"OA","Annual population","462","Maldives","511","Total Population - Both sexes","3010","Population - Est. & Proj.","2020","2020","1000 persons","514.438","X","Figure from international organizations",""
"OA","Annual population","466","Mali","511","Total Population - Both sexes","3010","Population - Est. & Proj.","2020","2020","1000 persons","21224.04","X","Figure from international organizations",""
"OA","Annual population","470","Malta","511","Total Population - Both sexes","3010","Population - Est. & Proj.","2020","2020","1000 persons","515.358","X","Figure from international organizations",""
"OA","Annual population","584","Marshall Islands","511","Total Population - Both sexes","3010","Population - Est. & Proj.","2020","2020","1000 persons","43.413","X","Figure from international organizations",""
"OA","Annual population","474","Martinique","511","Total Population - Both sexes","3010","Population - Est. & Proj.","2020","2020","1000 persons","370.391","X","Figure from international organizations",""
"OA","Annual population","478","Mauritania","511","Total Population - Both sexes","3010","Population - Est. & Proj.","2020","2020","1000 persons","4498.604","X","Figure from international organizations",""
"OA","Annual population","480","Mauritius","511","Total Population - Both sexes","3010","Population - Est. & Proj.","2020","2020","1000 persons","1297.828","X","Figure from international organizations",""
"OA","Annual population","175","Mayotte","511","Total Population - Both sexes","3010","Population - Est. & Proj.","2020","2020","1000 persons","305.587","X","Figure from international organizations",""
"OA","Annual population","484","Mexico","511","Total Population - Both sexes","3010","Population - Est. & Proj.","2020","2020","1000 persons","125998.302","X","Figure from international organizations",""
"OA","Annual population","583","Micronesia (Federated States of)","511","Total Population - Both sexes","3010","Population - Est. & Proj.","2020","2020","1000 persons","112.106","X","Figure from international organizations",""
"OA","Annual population","492","Monaco","511","Total Population - Both sexes","3010","Population - Est. & Proj.","2020","2020","1000 persons","36.922","X","Figure from international organizations",""
"OA","Annual population","496","Mongolia","511","Total Population - Both sexes","3010","Population - Est. & Proj.","2020","2020","1000 persons","3294.335","X","Figure from international organizations",""
"OA","Annual population","499","Montenegro","511","Total Population - Both sexes","3010","Population - Est. & Proj.","2020","2020","1000 persons","629.048","X","Figure from international organizations",""
"OA","Annual population","500","Montserrat","511","Total Population - Both sexes","3010","Population - Est. & Proj.","2020","2020","1000 persons","4.5","X","Figure from international organizations",""
"OA","Annual population","504","Morocco","511","Total Population - Both sexes","3010","Population - Est. & Proj.","2020","2020","1000 persons","36688.772","X","Figure from international organizations",""
"OA","Annual population","508","Mozambique","511","Total Population - Both sexes","3010","Population - Est. & Proj.","2020","2020","1000 persons","31178.239","X","Figure from international organizations",""
"OA","Annual population","104","Myanmar","511","Total Population - Both sexes","3010","Population - Est. & Proj.","2020","2020","1000 persons","53423.198","X","Figure from international organizations",""
"OA","Annual population","516","Namibia","511","Total Population - Both sexes","3010","Population - Est. & Proj.","2020","2020","1000 persons","2489.098","X","Figure from international organizations",""
"OA","Annual population","520","Nauru","511","Total Population - Both sexes","3010","Population - Est. & Proj.","2020","2020","1000 persons","12.315","X","Figure from international organizations",""
"OA","Annual population","524","Nepal","511","Total Population - Both sexes","3010","Population - Est. & Proj.","2020","2020","1000 persons","29348.627","X","Figure from international organizations",""
"OA","Annual population","528","Netherlands","511","Total Population - Both sexes","3010","Population - Est. & Proj.","2020","2020","1000 persons","17434.557","X","Figure from international organizations",""
"OA","Annual population","540","New Caledonia","511","Total Population - Both sexes","3010","Population - Est. & Proj.","2020","2020","1000 persons","286.403","X","Figure from international organizations",""
"OA","Annual population","554","New Zealand","511","Total Population - Both sexes","3010","Population - Est. & Proj.","2020","2020","1000 persons","5061.133","X","Figure from international organizations",""
"OA","Annual population","558","Nicaragua","511","Total Population - Both sexes","3010","Population - Est. & Proj.","2020","2020","1000 persons","6755.895","X","Figure from international organizations",""
"OA","Annual population","562","Niger","511","Total Population - Both sexes","3010","Population - Est. & Proj.","2020","2020","1000 persons","24333.639","X","Figure from international organizations",""
"OA","Annual population","566","Nigeria","511","Total Population - Both sexes","3010","Population - Est. & Proj.","2020","2020","1000 persons","208327.405","X","Figure from international organizations",""
"OA","Annual population","570","Niue","511","Total Population - Both sexes","3010","Population - Est. & Proj.","2020","2020","1000 persons","1.942","X","Figure from international organizations",""
"OA","Annual population","807","North Macedonia","511","Total Population - Both sexes","3010","Population - Est. & Proj.","2020","2020","1000 persons","2111.072","X","Figure from international organizations",""
"OA","Annual population","580","Northern Mariana Islands","511","Total Population - Both sexes","3010","Population - Est. & Proj.","2020","2020","1000 persons","49.587","X","Figure from international organizations",""
"OA","Annual population","578","Norway","511","Total Population - Both sexes","3010","Population - Est. & Proj.","2020","2020","1000 persons","5379.839","X","Figure from international organizations",""
"OA","Annual population","512","Oman","511","Total Population - Both sexes","3010","Population - Est. & Proj.","2020","2020","1000 persons","4543.399","X","Figure from international organizations",""
"OA","Annual population","586","Pakistan","511","Total Population - Both sexes","3010","Population - Est. & Proj.","2020","2020","1000 persons","227196.741","X","Figure from international organizations",""
"OA","Annual population","585","Palau","511","Total Population - Both sexes","3010","Population - Est. & Proj.","2020","2020","1000 persons","17.972","X","Figure from international organizations",""
"OA","Annual population","275","Palestine","511","Total Population - Both sexes","3010","Population - Est. & Proj.","2020","2020","1000 persons","5019.401","X","Figure from international organizations",""
"OA","Annual population","591","Panama","511","Total Population - Both sexes","3010","Population - Est. & Proj.","2020","2020","1000 persons","4294.396","X","Figure from international organizations",""
"OA","Annual population","598","Papua New Guinea","511","Total Population - Both sexes","3010","Population - Est. & Proj.","2020","2020","1000 persons","9749.64","X","Figure from international organizations",""
"OA","Annual population","600","Paraguay","511","Total Population - Both sexes","3010","Population - Est. & Proj.","2020","2020","1000 persons","6618.695","X","Figure from international organizations",""
"OA","Annual population","604","Peru","511","Total Population - Both sexes","3010","Population - Est. & Proj.","2020","2020","1000 persons","33304.756","X","Figure from international organizations",""
"OA","Annual population","608","Philippines","511","Total Population - Both sexes","3010","Population - Est. & Proj.","2020","2020","1000 persons","112190.977","X","Figure from international organizations",""
"OA","Annual population","616","Poland","511","Total Population - Both sexes","3010","Population - Est. & Proj.","2020","2020","1000 persons","38428.366","X","Figure from international organizations",""
"OA","Annual population","620","Portugal","511","Total Population - Both sexes","3010","Population - Est. & Proj.","2020","2020","1000 persons","10298.192","X","Figure from international organizations",""
"OA","Annual population","630","Puerto Rico","511","Total Population - Both sexes","3010","Population - Est. & Proj.","2020","2020","1000 persons","3271.564","X","Figure from international organizations",""
"OA","Annual population","634","Qatar","511","Total Population - Both sexes","3010","Population - Est. & Proj.","2020","2020","1000 persons","2760.385","X","Figure from international organizations",""
"OA","Annual population","410","Republic of Korea","511","Total Population - Both sexes","3010","Population - Est. & Proj.","2020","2020","1000 persons","51844.69","X","Figure from international organizations",""
"OA","Annual population","498","Republic of Moldova","511","Total Population - Both sexes","3010","Population - Est. & Proj.","2020","2020","1000 persons","3084.847","X","Figure from international organizations",""
"OA","Annual population","638","Réunion","511","Total Population - Both sexes","3010","Population - Est. & Proj.","2020","2020","1000 persons","957.822","X","Figure from international organizations",""
"OA","Annual population","642","Romania","511","Total Population - Both sexes","3010","Population - Est. & Proj.","2020","2020","1000 persons","19442.038","X","Figure from international organizations",""
"OA","Annual population","643","Russian Federation","511","Total Population - Both sexes","3010","Population - Est. & Proj.","2020","2020","1000 persons","145617.329","X","Figure from international organizations",""
"OA","Annual population","646","Rwanda","511","Total Population - Both sexes","3010","Population - Est. & Proj.","2020","2020","1000 persons","13146.362","X","Figure from international organizations",""
"OA","Annual population","652","Saint Barthélemy","511","Total Population - Both sexes","3010","Population - Est. & Proj.","2020","2020","1000 persons","10.681","X","Figure from international organizations",""
"OA","Annual population","654","Saint Helena, Ascension and Tristan da Cunha","511","Total Population - Both sexes","3010","Population - Est. & Proj.","2020","2020","1000 persons","5.42","X","Figure from international organizations",""
"OA","Annual population","659","Saint Kitts and Nevis","511","Total Population - Both sexes","3010","Population - Est. & Proj.","2020","2020","1000 persons","47.642","X","Figure from international organizations",""
"OA","Annual population","662","Saint Lucia","511","Total Population - Both sexes","3010","Population - Est. & Proj.","2020","2020","1000 persons","179.237","X","Figure from international organizations",""
"OA","Annual population","666","Saint Pierre and Miquelon","511","Total Population - Both sexes","3010","Population - Est. & Proj.","2020","2020","1000 persons","5.906","X","Figure from international organizations",""
"OA","Annual population","670","Saint Vincent and the Grenadines","511","Total Population - Both sexes","3010","Population - Est. & Proj.","2020","2020","1000 persons","104.632","X","Figure from international organizations",""
"OA","Annual population","663","Saint-Martin (French part)","511","Total Population - Both sexes","3010","Population - Est. & Proj.","2020","2020","1000 persons","32.553","X","Figure from international organizations",""
"OA","Annual population","882","Samoa","511","Total Population - Both sexes","3010","Population - Est. & Proj.","2020","2020","1000 persons","214.929","X","Figure from international organizations",""
"OA","Annual population","674","San Marino","511","Total Population - Both sexes","3010","Population - Est. & Proj.","2020","2020","1000 persons","34.007","X","Figure from international organizations",""
"OA","Annual population","678","Sao Tome and Principe","511","Total Population - Both sexes","3010","Population - Est. & Proj.","2020","2020","1000 persons","218.641","X","Figure from international organizations",""
"OA","Annual population","682","Saudi Arabia","511","Total Population - Both sexes","3010","Population - Est. & Proj.","2020","2020","1000 persons","35997.107","X","Figure from international organizations",""
"OA","Annual population","686","Senegal","511","Total Population - Both sexes","3010","Population - Est. & Proj.","2020","2020","1000 persons","16436.12","X","Figure from international organizations",""
"OA","Annual population","688","Serbia","511","Total Population - Both sexes","3010","Population - Est. & Proj.","2020","2020","1000 persons","7358.005","X","Figure from international organizations",""
"OA","Annual population","690","Seychelles","511","Total Population - Both sexes","3010","Population - Est. & Proj.","2020","2020","1000 persons","105.53","X","Figure from international organizations",""
"OA","Annual population","694","Sierra Leone","511","Total Population - Both sexes","3010","Population - Est. & Proj.","2020","2020","1000 persons","8233.97","X","Figure from international organizations",""
"OA","Annual population","702","Singapore","511","Total Population - Both sexes","3010","Population - Est. & Proj.","2020","2020","1000 persons","5909.869","X","Figure from international organizations",""
"OA","Annual population","534","Sint Maarten (Dutch part)","511","Total Population - Both sexes","3010","Population - Est. & Proj.","2020","2020","1000 persons","43.621","X","Figure from international organizations",""
"OA","Annual population","703","Slovakia","511","Total Population - Both sexes","3010","Population - Est. & Proj.","2020","2020","1000 persons","5456.681","X","Figure from international organizations",""
"OA","Annual population","705","Slovenia","511","Total Population - Both sexes","3010","Population - Est. & Proj.","2020","2020","1000 persons","2117.641","X","Figure from international organizations",""
"OA","Annual population","090","Solomon Islands","511","Total Population - Both sexes","3010","Population - Est. & Proj.","2020","2020","1000 persons","691.191","X","Figure from international organizations",""
"OA","Annual population","706","Somalia","511","Total Population - Both sexes","3010","Population - Est. & Proj.","2020","2020","1000 persons","16537.016","X","Figure from international organizations",""
"OA","Annual population","710","South Africa","511","Total Population - Both sexes","3010","Population - Est. & Proj.","2020","2020","1000 persons","58801.927","X","Figure from international organizations",""
"OA","Annual population","728","South Sudan","511","Total Population - Both sexes","3010","Population - Est. & Proj.","2020","2020","1000 persons","10606.227","X","Figure from international organizations",""
"OA","Annual population","724","Spain","511","Total Population - Both sexes","3010","Population - Est. & Proj.","2020","2020","1000 persons","47363.807","X","Figure from international organizations",""
"OA","Annual population","144","Sri Lanka","511","Total Population - Both sexes","3010","Population - Est. & Proj.","2020","2020","1000 persons","21715.079","X","Figure from international organizations",""
"OA","Annual population","729","Sudan","511","Total Population - Both sexes","3010","Population - Est. & Proj.","2020","2020","1000 persons","44440.486","X","Figure from international organizations",""
"OA","Annual population","740","Suriname","511","Total Population - Both sexes","3010","Population - Est. & Proj.","2020","2020","1000 persons","607.065","X","Figure from international organizations",""
"OA","Annual population","752","Sweden","511","Total Population - Both sexes","3010","Population - Est. & Proj.","2020","2020","1000 persons","10368.969","X","Figure from international organizations",""
"OA","Annual population","756","Switzerland","511","Total Population - Both sexes","3010","Population - Est. & Proj.","2020","2020","1000 persons","8638.613","X","Figure from international organizations",""
"OA","Annual population","760","Syrian Arab Republic","511","Total Population - Both sexes","3010","Population - Est. & Proj.","2020","2020","1000 persons","20772.595","X","Figure from international organizations",""
"OA","Annual population","762","Tajikistan","511","Total Population - Both sexes","3010","Population - Est. & Proj.","2020","2020","1000 persons","9543.207","X","Figure from international organizations",""
"OA","Annual population","764","Thailand","511","Total Population - Both sexes","3010","Population - Est. & Proj.","2020","2020","1000 persons","71475.664","X","Figure from international organizations",""
"OA","Annual population","626","Timor-Leste","511","Total Population - Both sexes","3010","Population - Est. & Proj.","2020","2020","1000 persons","1299.995","X","Figure from international organizations",""
"OA","Annual population","768","Togo","511","Total Population - Both sexes","3010","Population - Est. & Proj.","2020","2020","1000 persons","8442.58","X","Figure from international organizations",""
"OA","Annual population","772","Tokelau","511","Total Population - Both sexes","3010","Population - Est. & Proj.","2020","2020","1000 persons","1.827","X","Figure from international organizations",""
"OA","Annual population","776","Tonga","511","Total Population - Both sexes","3010","Population - Est. & Proj.","2020","2020","1000 persons","105.254","X","Figure from international organizations",""
"OA","Annual population","780","Trinidad and Tobago","511","Total Population - Both sexes","3010","Population - Est. & Proj.","2020","2020","1000 persons","1518.147","X","Figure from international organizations",""
"OA","Annual population","788","Tunisia","511","Total Population - Both sexes","3010","Population - Est. & Proj.","2020","2020","1000 persons","12161.723","X","Figure from international organizations",""
"OA","Annual population","792","Türkiye","511","Total Population - Both sexes","3010","Population - Est. & Proj.","2020","2020","1000 persons","84135.428","X","Figure from international organizations",""
"OA","Annual population","795","Turkmenistan","511","Total Population - Both sexes","3010","Population - Est. & Proj.","2020","2020","1000 persons","6250.438","X","Figure from international organizations",""
"OA","Annual population","796","Turks and Caicos Islands","511","Total Population - Both sexes","3010","Population - Est. & Proj.","2020","2020","1000 persons","44.276","X","Figure from international organizations",""
"OA","Annual population","798","Tuvalu","511","Total Population - Both sexes","3010","Population - Est. & Proj.","2020","2020","1000 persons","11.069","X","Figure from international organizations",""
"OA","Annual population","800","Uganda","511","Total Population - Both sexes","3010","Population - Est. & Proj.","2020","2020","1000 persons","44404.611","X","Figure from international organizations",""
"OA","Annual population","804","Ukraine","511","Total Population - Both sexes","3010","Population - Est. & Proj.","2020","2020","1000 persons","43909.666","X","Figure from international organizations",""
"OA","Annual population","784","United Arab Emirates","511","Total Population - Both sexes","3010","Population - Est. & Proj.","2020","2020","1000 persons","9287.289","X","Figure from international organizations",""
"OA","Annual population","826","United Kingdom of Great Britain and Northern Ireland","511","Total Population - Both sexes","3010","Population - Est. & Proj.","2020","2020","1000 persons","67059.474","X","Figure from international organizations",""
"OA","Annual population","834","United Republic of Tanzania","511","Total Population - Both sexes","3010","Population - Est. & Proj.","2020","2020","1000 persons","61704.518","X","Figure from international organizations",""
"OA","Annual population","840","United States of America","511","Total Population - Both sexes","3010","Population - Est. & Proj.","2020","2020","1000 persons","335942.003","X","Figure from international organizations",""
"OA","Annual population","850","United States Virgin Islands","511","Total Population - Both sexes","3010","Population - Est. & Proj.","2020","2020","1000 persons","100.442","X","Figure from international organizations",""
"OA","Annual population","858","Uruguay","511","Total Population - Both sexes","3010","Population - Est. & Proj.","2020","2020","1000 persons","3429.086","X","Figure from international organizations",""
"OA","Annual population","860","Uzbekistan","511","Total Population - Both sexes","3010","Population - Est. & Proj.","2020","2020","1000 persons","33526.656","X","Figure from international organizations",""
"OA","Annual population","548","Vanuatu","511","Total Population - Both sexes","3010","Population - Est. & Proj.","2020","2020","1000 persons","311.685","X","Figure from international organizations",""
"OA","Annual population","862","Venezuela (Bolivarian Republic of)","511","Total Population - Both sexes","3010","Population - Est. & Proj.","2020","2020","1000 persons","28490.453","X","Figure from international organizations",""
"OA","Annual population","704","Viet Nam","511","Total Population - Both sexes","3010","Population - Est. & Proj.","2020","2020","1000 persons","96648.685","X","Figure from international organizations",""
"OA","Annual population","876","Wallis and Futuna Islands","511","Total Population - Both sexes","3010","Population - Est. & Proj.","2020","2020","1000 persons","11.655","X","Figure from international organizations",""
"OA","Annual population","732","Western Sahara","511","Total Population - Both sexes","3010","Population - Est. & Proj.","2020","2020","1000 persons","556.048","X","Figure from international organizations",""
"OA","Annual population","887","Yemen","511","Total Population - Both sexes","3010","Population - Est. & Proj.","2020","2020","1000 persons","32284.046","X","Figure from international organizations",""
"OA","Annual population","894","Zambia","511","Total Population - Both sexes","3010","Population - Est. & Proj.","2020","2020","1000 persons","18927.715","X","Figure from international organizations",""
"OA","Annual population","716","Zimbabwe","511","Total Population - Both sexes","3010","Population - Est. & Proj.","2020","2020","1000 persons","15669.666","X","Figure from international organizations",""
